Sent At,Direction
"12/23/20, 8:13 AM",OUTGOING
"12/23/20, 8:10 AM",OUTGOING
"12/22/20, 9:13 AM",OUTGOING
"12/19/20, 4:39 AM",OUTGOING
"11/29/20, 2:00 AM",OUTGOING
"11/29/20, 1:59 AM",OUTGOING
"11/29/20, 1:59 AM",OUTGOING
"11/29/20, 1:58 AM",OUTGOING
"11/29/20, 1:58 AM",OUTGOING
"11/24/20, 7:45 PM",OUTGOING
"11/21/20, 8:32 AM",OUTGOING
"11/19/20, 11:10 PM",OUTGOING
"10/26/20, 8:01 PM",OUTGOING
"10/26/20, 7:59 PM",OUTGOING
"10/20/20, 10:09 AM",OUTGOING
"10/20/20, 10:06 AM",OUTGOING
"10/20/20, 8:40 AM",OUTGOING
"10/20/20, 8:38 AM",OUTGOING
"10/20/20, 12:24 AM",OUTGOING
"10/19/20, 9:37 PM",OUTGOING
"10/19/20, 9:34 PM",OUTGOING
"10/19/20, 9:34 PM",OUTGOING
"9/24/20, 8:35 PM",OUTGOING
"9/17/20, 5:41 AM",OUTGOING
"9/16/20, 12:11 PM",OUTGOING
"9/16/20, 12:10 PM",OUTGOING
"8/23/20, 4:53 AM",OUTGOING
"8/22/20, 9:11 PM",OUTGOING
"8/12/20, 8:08 AM",OUTGOING
"8/6/20, 9:13 AM",OUTGOING
"8/6/20, 8:37 AM",OUTGOING
"8/6/20, 7:06 AM",OUTGOING
"8/6/20, 4:26 AM",OUTGOING
"8/5/20, 7:59 AM",OUTGOING
"8/4/20, 8:45 PM",OUTGOING
"8/4/20, 12:26 PM",OUTGOING
"8/4/20, 11:29 AM",OUTGOING
"8/4/20, 11:28 AM",OUTGOING
"8/4/20, 11:27 AM",OUTGOING
"8/4/20, 11:25 AM",OUTGOING
"8/4/20, 11:25 AM",OUTGOING
"8/4/20, 11:25 AM",OUTGOING
"8/4/20, 11:24 AM",OUTGOING
"8/4/20, 11:24 AM",OUTGOING
"8/4/20, 11:17 AM",OUTGOING
"8/4/20, 11:16 AM",OUTGOING
"8/4/20, 11:15 AM",OUTGOING
"8/4/20, 11:13 AM",OUTGOING
"8/1/20, 10:38 AM",OUTGOING
"7/30/20, 7:37 PM",OUTGOING
"7/27/20, 8:41 AM",OUTGOING
"7/22/20, 6:32 PM",OUTGOING
"7/22/20, 6:32 PM",OUTGOING
"7/18/20, 7:51 AM",OUTGOING
"7/15/20, 7:29 AM",OUTGOING
"7/10/20, 8:16 PM",OUTGOING
"7/9/20, 2:09 AM",OUTGOING
"6/27/20, 8:29 PM",OUTGOING
"6/27/20, 6:27 AM",OUTGOING
"6/27/20, 6:27 AM",OUTGOING
"6/27/20, 6:22 AM",OUTGOING
"6/27/20, 6:21 AM",OUTGOING
"6/27/20, 6:21 AM",OUTGOING
"6/27/20, 6:21 AM",OUTGOING
"6/27/20, 6:21 AM",OUTGOING
"6/27/20, 6:21 AM",OUTGOING
"6/27/20, 6:21 AM",OUTGOING
"6/19/20, 5:51 PM",OUTGOING
"5/19/20, 5:47 AM",OUTGOING
"5/4/20, 9:29 AM",OUTGOING
"4/23/20, 11:05 AM",OUTGOING
"4/9/20, 8:12 AM",OUTGOING
"1/28/20, 3:07 AM",OUTGOING
"12/24/20, 12:33 AM",INCOMING
"12/23/20, 7:02 PM",INCOMING
"12/22/20, 4:11 AM",INCOMING
"12/21/20, 9:03 PM",INCOMING
"12/21/20, 6:55 AM",INCOMING
"12/20/20, 10:30 AM",INCOMING
"12/19/20, 11:10 PM",INCOMING
"12/19/20, 6:39 PM",INCOMING
"12/14/20, 8:17 PM",INCOMING
"12/12/20, 11:59 PM",INCOMING
"12/11/20, 5:48 AM",INCOMING
"12/9/20, 4:02 AM",INCOMING
"12/8/20, 8:08 AM",INCOMING
"12/5/20, 10:56 AM",INCOMING
"12/4/20, 8:46 AM",INCOMING
"11/29/20, 2:27 AM",INCOMING
"11/28/20, 8:39 PM",INCOMING
"11/28/20, 12:41 PM",INCOMING
"11/26/20, 1:22 AM",INCOMING
"11/25/20, 11:18 PM",INCOMING
"11/25/20, 7:58 PM",INCOMING
"11/24/20, 4:30 AM",INCOMING
"11/24/20, 1:05 AM",INCOMING
"11/21/20, 12:47 PM",INCOMING
"11/20/20, 8:53 PM",INCOMING
"11/20/20, 2:32 AM",INCOMING
"11/19/20, 11:33 AM",INCOMING
"11/18/20, 10:25 PM",INCOMING
"11/18/20, 10:05 AM",INCOMING
"11/18/20, 3:39 AM",INCOMING
"11/17/20, 11:05 PM",INCOMING
"11/17/20, 9:28 AM",INCOMING
"11/17/20, 8:25 AM",INCOMING
"11/16/20, 6:52 AM",INCOMING
"11/16/20, 4:20 AM",INCOMING
"11/15/20, 6:35 PM",INCOMING
"11/14/20, 10:47 AM",INCOMING
"11/14/20, 7:04 AM",INCOMING
"11/12/20, 10:31 AM",INCOMING
"11/12/20, 7:02 AM",INCOMING
"11/12/20, 2:26 AM",INCOMING
"11/12/20, 2:21 AM",INCOMING
"11/12/20, 1:52 AM",INCOMING
"11/12/20, 1:36 AM",INCOMING
"11/12/20, 1:19 AM",INCOMING
"11/12/20, 12:12 AM",INCOMING
"11/11/20, 10:45 PM",INCOMING
"11/11/20, 9:44 PM",INCOMING
"11/11/20, 7:15 PM",INCOMING
"11/10/20, 7:35 PM",INCOMING
"11/10/20, 11:02 AM",INCOMING
"11/10/20, 9:34 AM",INCOMING
"11/10/20, 4:07 AM",INCOMING
"11/10/20, 12:39 AM",INCOMING
"11/9/20, 9:05 PM",INCOMING
"11/9/20, 5:25 PM",INCOMING
"11/9/20, 10:30 AM",INCOMING
"11/9/20, 9:13 AM",INCOMING
"11/9/20, 8:20 AM",INCOMING
"11/8/20, 7:35 PM",INCOMING
"11/8/20, 11:10 AM",INCOMING
"11/8/20, 8:59 AM",INCOMING
"11/7/20, 6:23 AM",INCOMING
"11/6/20, 10:44 PM",INCOMING
"11/5/20, 9:49 AM",INCOMING
"11/4/20, 3:07 AM",INCOMING
"11/3/20, 11:55 PM",INCOMING
"11/3/20, 2:23 PM",INCOMING
"11/3/20, 1:28 PM",INCOMING
"11/3/20, 10:25 AM",INCOMING
"11/3/20, 10:17 AM",INCOMING
"11/2/20, 7:00 PM",INCOMING
"11/2/20, 10:29 AM",INCOMING
"11/2/20, 7:25 AM",INCOMING
"11/2/20, 3:48 AM",INCOMING
"10/31/20, 9:42 AM",INCOMING
"10/28/20, 1:41 PM",INCOMING
"10/28/20, 12:33 PM",INCOMING
"10/28/20, 10:53 AM",INCOMING
"10/28/20, 9:49 AM",INCOMING
"10/28/20, 9:33 AM",INCOMING
"10/28/20, 8:42 AM",INCOMING
"10/26/20, 6:15 AM",INCOMING
"10/25/20, 9:23 AM",INCOMING
"10/25/20, 6:11 AM",INCOMING
"10/24/20, 4:36 PM",INCOMING
"10/24/20, 2:52 AM",INCOMING
"10/22/20, 11:11 PM",INCOMING
"10/22/20, 11:26 AM",INCOMING
"10/20/20, 7:45 PM",INCOMING
"10/20/20, 9:53 AM",INCOMING
"10/18/20, 9:52 PM",INCOMING
"10/17/20, 10:55 AM",INCOMING
"10/17/20, 9:28 AM",INCOMING
"10/16/20, 6:20 AM",INCOMING
"10/15/20, 8:52 AM",INCOMING
"10/14/20, 1:30 AM",INCOMING
"10/12/20, 5:45 PM",INCOMING
"11/5/20, 10:47 AM",INCOMING
"11/5/20, 9:49 AM",INCOMING
"11/4/20, 6:17 AM",INCOMING
"11/3/20, 9:38 AM",INCOMING
"11/2/20, 3:11 AM",INCOMING
"11/1/20, 2:43 AM",INCOMING
"11/1/20, 12:27 AM",INCOMING
"10/31/20, 12:55 PM",INCOMING
"10/31/20, 10:30 AM",INCOMING
"10/31/20, 9:22 AM",INCOMING
"10/30/20, 1:19 AM",INCOMING
"10/29/20, 9:39 PM",INCOMING
"10/29/20, 1:04 AM",INCOMING
"10/29/20, 12:02 AM",INCOMING
"10/28/20, 8:54 PM",INCOMING
"10/27/20, 7:34 AM",INCOMING
"10/27/20, 12:17 AM",INCOMING
"10/25/20, 11:10 AM",INCOMING
"10/21/20, 1:38 PM",INCOMING
"10/20/20, 11:47 AM",INCOMING
"10/20/20, 11:35 AM",INCOMING
"10/20/20, 6:26 AM",INCOMING
"10/20/20, 4:18 AM",INCOMING
"10/20/20, 4:05 AM",INCOMING
"10/19/20, 8:21 AM",INCOMING
"10/18/20, 2:29 AM",INCOMING
"10/16/20, 4:12 AM",INCOMING
"10/15/20, 10:45 PM",INCOMING
"10/15/20, 12:13 AM",INCOMING
"10/14/20, 9:04 PM",INCOMING
"10/14/20, 10:34 AM",INCOMING
"10/13/20, 7:54 AM",INCOMING
"10/12/20, 11:54 PM",INCOMING
"10/12/20, 8:23 PM",INCOMING
"10/12/20, 7:54 AM",INCOMING
"10/12/20, 1:41 AM",INCOMING
"10/11/20, 10:26 AM",INCOMING
"10/10/20, 9:03 AM",INCOMING
"10/10/20, 12:03 AM",INCOMING
"10/9/20, 7:08 AM",INCOMING
"10/9/20, 5:57 AM",INCOMING
"10/8/20, 7:21 AM",INCOMING
"10/8/20, 3:13 AM",INCOMING
"10/7/20, 11:04 PM",INCOMING
"10/7/20, 9:04 PM",INCOMING
"10/7/20, 2:03 PM",INCOMING
"10/7/20, 1:17 PM",INCOMING
"10/7/20, 10:51 AM",INCOMING
"10/7/20, 6:59 AM",INCOMING
"10/7/20, 6:08 AM",INCOMING
"10/7/20, 12:07 AM",INCOMING
"10/6/20, 7:05 PM",INCOMING
"10/6/20, 2:21 AM",INCOMING
"10/6/20, 12:35 AM",INCOMING
"10/5/20, 11:38 PM",INCOMING
"10/5/20, 7:07 PM",INCOMING
"10/5/20, 9:33 AM",INCOMING
"10/3/20, 11:13 PM",INCOMING
"10/3/20, 11:00 PM",INCOMING
"10/3/20, 10:37 PM",INCOMING
"10/3/20, 10:37 AM",INCOMING
"10/3/20, 4:06 AM",INCOMING
"10/3/20, 1:55 AM",INCOMING
"10/2/20, 9:54 PM",INCOMING
"10/2/20, 7:57 AM",INCOMING
"10/1/20, 7:52 PM",INCOMING
"10/1/20, 7:03 PM",INCOMING
"9/30/20, 1:57 PM",INCOMING
"9/30/20, 7:03 AM",INCOMING
"9/30/20, 6:32 AM",INCOMING
"9/29/20, 10:52 PM",INCOMING
"9/29/20, 9:20 PM",INCOMING
"9/29/20, 7:55 PM",INCOMING
"9/29/20, 10:27 AM",INCOMING
"9/28/20, 12:46 AM",INCOMING
"9/27/20, 6:50 AM",INCOMING
"9/27/20, 1:41 AM",INCOMING
"9/26/20, 8:07 PM",INCOMING
"9/26/20, 8:44 AM",INCOMING
"9/25/20, 9:09 PM",INCOMING
"9/25/20, 7:58 AM",INCOMING
"9/25/20, 5:14 AM",INCOMING
"9/25/20, 5:04 AM",INCOMING
"9/25/20, 3:25 AM",INCOMING
"9/25/20, 2:56 AM",INCOMING
"9/25/20, 2:39 AM",INCOMING
"9/25/20, 12:47 AM",INCOMING
"9/24/20, 10:00 PM",INCOMING
"9/24/20, 9:47 PM",INCOMING
"9/24/20, 9:25 PM",INCOMING
"9/24/20, 4:13 PM",INCOMING
"9/14/20, 7:22 PM",INCOMING
"9/14/20, 2:17 AM",INCOMING
"9/14/20, 1:21 AM",INCOMING
"9/13/20, 10:33 PM",INCOMING
"9/13/20, 10:01 AM",INCOMING
"9/9/20, 11:47 PM",INCOMING
"9/23/20, 4:55 AM",INCOMING
"9/22/20, 10:59 AM",INCOMING
"9/22/20, 10:09 AM",INCOMING
"9/22/20, 7:26 AM",INCOMING
"9/22/20, 4:42 AM",INCOMING
"9/22/20, 1:11 AM",INCOMING
"9/22/20, 1:08 AM",INCOMING
"9/21/20, 10:55 PM",INCOMING
"9/20/20, 8:32 PM",INCOMING
"9/20/20, 4:03 AM",INCOMING
"9/20/20, 12:32 AM",INCOMING
"9/19/20, 8:00 PM",INCOMING
"9/19/20, 7:33 AM",INCOMING
"9/18/20, 10:23 AM",INCOMING
"9/18/20, 9:13 AM",INCOMING
"9/18/20, 7:03 AM",INCOMING
"9/18/20, 3:06 AM",INCOMING
"9/17/20, 10:36 PM",INCOMING
"9/17/20, 10:32 PM",INCOMING
"9/17/20, 6:39 AM",INCOMING
"9/17/20, 3:18 AM",INCOMING
"9/16/20, 10:38 PM",INCOMING
"9/16/20, 1:16 PM",INCOMING
"9/16/20, 8:58 AM",INCOMING
"9/16/20, 8:29 AM",INCOMING
"9/15/20, 11:35 PM",INCOMING
"9/15/20, 6:53 AM",INCOMING
"9/14/20, 11:34 PM",INCOMING
"9/14/20, 9:27 PM",INCOMING
"9/14/20, 8:05 PM",INCOMING
"9/12/20, 8:51 PM",INCOMING
"9/12/20, 9:20 AM",INCOMING
"9/12/20, 3:55 AM",INCOMING
"9/12/20, 2:47 AM",INCOMING
"9/11/20, 11:37 PM",INCOMING
"9/11/20, 6:48 PM",INCOMING
"9/11/20, 8:55 AM",INCOMING
"9/11/20, 1:49 AM",INCOMING
"9/10/20, 11:00 PM",INCOMING
"9/10/20, 7:00 AM",INCOMING
"9/9/20, 11:07 PM",INCOMING
"9/8/20, 10:47 PM",INCOMING
"9/8/20, 9:48 PM",INCOMING
"9/8/20, 9:06 PM",INCOMING
"9/8/20, 12:40 AM",INCOMING
"9/7/20, 2:38 AM",INCOMING
"9/6/20, 10:34 PM",INCOMING
"9/6/20, 10:19 PM",INCOMING
"9/6/20, 12:47 PM",INCOMING
"9/5/20, 11:48 AM",INCOMING
"9/5/20, 10:20 AM",INCOMING
"9/5/20, 10:19 AM",INCOMING
"9/5/20, 4:47 AM",INCOMING
"9/4/20, 11:26 PM",INCOMING
"9/4/20, 4:49 PM",INCOMING
"9/4/20, 10:47 AM",INCOMING
"9/4/20, 5:07 AM",INCOMING
"9/4/20, 4:03 AM",INCOMING
"9/3/20, 11:44 AM",INCOMING
"9/3/20, 9:16 AM",INCOMING
"9/3/20, 12:41 AM",INCOMING
"9/2/20, 11:50 PM",INCOMING
"9/2/20, 11:58 AM",INCOMING
"9/2/20, 8:16 AM",INCOMING
"9/2/20, 5:27 AM",INCOMING
"9/1/20, 8:53 AM",INCOMING
"9/1/20, 7:04 AM",INCOMING
"9/1/20, 6:30 AM",INCOMING
"8/31/20, 10:42 PM",INCOMING
"8/31/20, 9:06 AM",INCOMING
"8/30/20, 10:14 AM",INCOMING
"8/30/20, 4:15 AM",INCOMING
"8/30/20, 12:09 AM",INCOMING
"8/29/20, 10:26 AM",INCOMING
"8/29/20, 7:28 AM",INCOMING
"8/28/20, 9:34 AM",INCOMING
"8/28/20, 9:24 AM",INCOMING
"8/28/20, 7:38 AM",INCOMING
"8/28/20, 6:32 AM",INCOMING
"8/28/20, 1:56 AM",INCOMING
"8/27/20, 10:48 PM",INCOMING
"8/27/20, 6:05 AM",INCOMING
"8/27/20, 4:37 AM",INCOMING
"8/27/20, 3:02 AM",INCOMING
"8/27/20, 2:33 AM",INCOMING
"8/27/20, 12:39 AM",INCOMING
"8/26/20, 10:14 AM",INCOMING
"8/26/20, 3:42 AM",INCOMING
"8/26/20, 1:00 AM",INCOMING
"8/25/20, 12:11 PM",INCOMING
"8/25/20, 6:57 AM",INCOMING
"8/24/20, 4:51 PM",INCOMING
"8/24/20, 11:05 AM",INCOMING
"8/24/20, 8:09 AM",INCOMING
"8/24/20, 3:08 AM",INCOMING
"8/23/20, 11:51 PM",INCOMING
"8/23/20, 11:17 AM",INCOMING
"8/23/20, 8:52 AM",INCOMING
"8/23/20, 8:00 AM",INCOMING
"8/31/20, 3:18 AM",INCOMING
"8/31/20, 12:19 AM",INCOMING
"8/30/20, 7:47 AM",INCOMING
"8/23/20, 12:02 AM",INCOMING
"8/22/20, 11:31 PM",INCOMING
"8/22/20, 3:43 AM",INCOMING
"8/21/20, 11:27 AM",INCOMING
"8/21/20, 10:02 AM",INCOMING
"8/21/20, 6:32 AM",INCOMING
"8/21/20, 3:05 AM",INCOMING
"8/21/20, 2:22 AM",INCOMING
"8/20/20, 9:10 PM",INCOMING
"8/20/20, 1:36 PM",INCOMING
"8/20/20, 8:56 AM",INCOMING
"8/20/20, 5:22 AM",INCOMING
"8/20/20, 2:19 AM",INCOMING
"8/20/20, 12:44 AM",INCOMING
"8/19/20, 11:40 PM",INCOMING
"8/19/20, 2:19 PM",INCOMING
"8/19/20, 12:13 PM",INCOMING
"8/19/20, 8:05 AM",INCOMING
"8/19/20, 4:10 AM",INCOMING
"8/19/20, 2:33 AM",INCOMING
"8/19/20, 12:34 AM",INCOMING
"8/19/20, 12:07 AM",INCOMING
"8/18/20, 9:12 PM",INCOMING
"8/18/20, 7:36 PM",INCOMING
"8/18/20, 1:48 PM",INCOMING
"8/18/20, 10:01 AM",INCOMING
"8/18/20, 4:22 AM",INCOMING
"8/18/20, 2:29 AM",INCOMING
"8/18/20, 1:56 AM",INCOMING
"8/18/20, 1:05 AM",INCOMING
"8/17/20, 8:36 PM",INCOMING
"8/17/20, 1:11 PM",INCOMING
"8/17/20, 4:03 AM",INCOMING
"8/16/20, 9:07 PM",INCOMING
"8/16/20, 9:45 AM",INCOMING
"8/16/20, 7:49 AM",INCOMING
"8/16/20, 4:54 AM",INCOMING
"8/16/20, 3:59 AM",INCOMING
"8/16/20, 3:38 AM",INCOMING
"8/15/20, 8:33 PM",INCOMING
"8/15/20, 8:19 AM",INCOMING
"8/14/20, 11:58 PM",INCOMING
"8/14/20, 9:43 PM",INCOMING
"8/14/20, 9:33 PM",INCOMING
"8/14/20, 10:15 AM",INCOMING
"8/14/20, 9:16 AM",INCOMING
"8/14/20, 8:44 AM",INCOMING
"8/14/20, 7:45 AM",INCOMING
"8/14/20, 1:47 AM",INCOMING
"8/14/20, 1:38 AM",INCOMING
"8/14/20, 1:13 AM",INCOMING
"8/13/20, 11:31 PM",INCOMING
"8/13/20, 11:25 PM",INCOMING
"8/13/20, 10:28 PM",INCOMING
"8/13/20, 9:24 PM",INCOMING
"8/13/20, 7:56 PM",INCOMING
"8/13/20, 7:47 PM",INCOMING
"8/13/20, 1:00 PM",INCOMING
"8/13/20, 6:57 AM",INCOMING
"8/13/20, 6:05 AM",INCOMING
"8/13/20, 4:47 AM",INCOMING
"8/13/20, 2:17 AM",INCOMING
"8/13/20, 1:50 AM",INCOMING
"8/9/20, 7:52 AM",INCOMING
"8/9/20, 2:14 AM",INCOMING
"8/8/20, 10:55 PM",INCOMING
"8/8/20, 10:46 PM",INCOMING
"8/8/20, 10:46 PM",INCOMING
"8/8/20, 8:24 PM",INCOMING
"8/8/20, 12:36 PM",INCOMING
"8/8/20, 11:53 AM",INCOMING
"8/8/20, 9:28 AM",INCOMING
"8/8/20, 8:38 AM",INCOMING
"8/8/20, 5:36 AM",INCOMING
"8/8/20, 5:29 AM",INCOMING
"8/8/20, 5:04 AM",INCOMING
"8/8/20, 4:46 AM",INCOMING
"8/8/20, 4:26 AM",INCOMING
"8/8/20, 1:46 AM",INCOMING
"8/8/20, 1:13 AM",INCOMING
"8/8/20, 12:06 AM",INCOMING
"8/7/20, 9:36 PM",INCOMING
"8/7/20, 7:11 PM",INCOMING
"8/7/20, 2:39 PM",INCOMING
"8/7/20, 10:59 AM",INCOMING
"8/7/20, 9:58 AM",INCOMING
"8/7/20, 9:29 AM",INCOMING
"8/7/20, 8:13 AM",INCOMING
"8/7/20, 8:07 AM",INCOMING
"8/7/20, 7:25 AM",INCOMING
"8/7/20, 6:53 AM",INCOMING
"8/7/20, 6:52 AM",INCOMING
"8/7/20, 6:46 AM",INCOMING
"8/7/20, 6:25 AM",INCOMING
"8/7/20, 6:18 AM",INCOMING
"8/7/20, 5:32 AM",INCOMING
"8/5/20, 8:57 PM",INCOMING
"8/12/20, 9:52 PM",INCOMING
"8/12/20, 8:49 PM",INCOMING
"8/12/20, 5:46 PM",INCOMING
"8/12/20, 9:20 AM",INCOMING
"8/12/20, 9:03 AM",INCOMING
"8/12/20, 8:44 AM",INCOMING
"8/12/20, 3:29 AM",INCOMING
"8/12/20, 1:49 AM",INCOMING
"8/12/20, 12:36 AM",INCOMING
"8/12/20, 12:10 AM",INCOMING
"8/11/20, 10:35 PM",INCOMING
"8/11/20, 4:09 AM",INCOMING
"8/11/20, 3:39 AM",INCOMING
"8/11/20, 2:31 AM",INCOMING
"8/11/20, 2:10 AM",INCOMING
"8/11/20, 1:45 AM",INCOMING
"8/10/20, 10:05 PM",INCOMING
"8/10/20, 8:52 PM",INCOMING
"8/10/20, 8:01 PM",INCOMING
"8/10/20, 5:37 PM",INCOMING
"8/10/20, 11:43 AM",INCOMING
"8/10/20, 11:23 AM",INCOMING
"8/10/20, 11:20 AM",INCOMING
"8/10/20, 8:31 AM",INCOMING
"8/10/20, 7:43 AM",INCOMING
"8/10/20, 7:07 AM",INCOMING
"8/10/20, 4:15 AM",INCOMING
"8/10/20, 2:55 AM",INCOMING
"8/10/20, 1:37 AM",INCOMING
"8/10/20, 1:36 AM",INCOMING
"8/10/20, 12:35 AM",INCOMING
"8/9/20, 10:54 PM",INCOMING
"8/9/20, 8:30 PM",INCOMING
"8/9/20, 8:27 PM",INCOMING
"8/9/20, 7:53 PM",INCOMING
"8/9/20, 6:52 PM",INCOMING
"8/9/20, 12:49 PM",INCOMING
"8/9/20, 10:44 AM",INCOMING
"8/9/20, 10:29 AM",INCOMING
"8/9/20, 7:09 AM",INCOMING
"8/9/20, 5:48 AM",INCOMING
"8/9/20, 5:23 AM",INCOMING
"8/8/20, 11:59 AM",INCOMING
"8/6/20, 4:37 AM",INCOMING
"8/6/20, 4:22 AM",INCOMING
"8/6/20, 4:19 AM",INCOMING
"8/6/20, 3:57 AM",INCOMING
"8/6/20, 3:39 AM",INCOMING
"8/6/20, 3:34 AM",INCOMING
"8/6/20, 3:15 AM",INCOMING
"8/6/20, 3:04 AM",INCOMING
"8/6/20, 2:59 AM",INCOMING
"8/6/20, 2:53 AM",INCOMING
"8/6/20, 2:38 AM",INCOMING
"8/6/20, 2:31 AM",INCOMING
"8/6/20, 2:24 AM",INCOMING
"8/6/20, 2:17 AM",INCOMING
"8/6/20, 2:13 AM",INCOMING
"8/6/20, 2:07 AM",INCOMING
"8/6/20, 2:03 AM",INCOMING
"8/6/20, 2:02 AM",INCOMING
"8/6/20, 1:30 AM",INCOMING
"8/6/20, 1:10 AM",INCOMING
"8/6/20, 12:59 AM",INCOMING
"8/6/20, 12:58 AM",INCOMING
"8/6/20, 12:57 AM",INCOMING
"8/6/20, 12:42 AM",INCOMING
"8/6/20, 12:40 AM",INCOMING
"8/6/20, 12:26 AM",INCOMING
"8/6/20, 12:13 AM",INCOMING
"8/6/20, 12:10 AM",INCOMING
"8/6/20, 12:10 AM",INCOMING
"8/6/20, 12:08 AM",INCOMING
"8/5/20, 11:56 PM",INCOMING
"8/5/20, 11:48 PM",INCOMING
"8/5/20, 11:32 PM",INCOMING
"8/5/20, 11:31 PM",INCOMING
"8/5/20, 11:15 PM",INCOMING
"8/5/20, 11:11 PM",INCOMING
"8/5/20, 11:03 PM",INCOMING
"8/5/20, 11:00 PM",INCOMING
"8/5/20, 10:55 PM",INCOMING
"8/5/20, 10:46 PM",INCOMING
"8/5/20, 10:27 PM",INCOMING
"8/5/20, 10:25 PM",INCOMING
"8/5/20, 10:06 PM",INCOMING
"8/5/20, 9:55 PM",INCOMING
"8/5/20, 9:54 PM",INCOMING
"8/5/20, 9:53 PM",INCOMING
"8/5/20, 9:44 PM",INCOMING
"8/5/20, 9:24 PM",INCOMING
"8/5/20, 9:18 PM",INCOMING
"8/5/20, 11:19 AM",INCOMING
"8/5/20, 9:28 AM",INCOMING
"8/5/20, 7:29 AM",INCOMING
"8/5/20, 6:19 AM",INCOMING
"8/5/20, 5:14 AM",INCOMING
"8/5/20, 2:12 AM",INCOMING
"8/5/20, 1:37 AM",INCOMING
"8/4/20, 10:07 PM",INCOMING
"8/7/20, 4:02 AM",INCOMING
"8/7/20, 12:05 AM",INCOMING
"8/7/20, 12:03 AM",INCOMING
"8/6/20, 9:40 PM",INCOMING
"8/6/20, 8:47 PM",INCOMING
"8/6/20, 8:30 PM",INCOMING
"8/6/20, 8:06 PM",INCOMING
"8/6/20, 8:00 PM",INCOMING
"8/6/20, 7:57 PM",INCOMING
"8/6/20, 7:52 PM",INCOMING
"8/6/20, 7:39 PM",INCOMING
"8/6/20, 7:12 PM",INCOMING
"8/6/20, 7:06 PM",INCOMING
"8/6/20, 7:05 PM",INCOMING
"8/6/20, 6:09 PM",INCOMING
"8/6/20, 4:04 PM",INCOMING
"8/6/20, 3:12 PM",INCOMING
"8/6/20, 2:07 PM",INCOMING
"8/6/20, 1:56 PM",INCOMING
"8/6/20, 1:07 PM",INCOMING
"8/6/20, 12:56 PM",INCOMING
"8/6/20, 12:40 PM",INCOMING
"8/6/20, 11:44 AM",INCOMING
"8/6/20, 10:55 AM",INCOMING
"8/6/20, 10:04 AM",INCOMING
"8/6/20, 9:41 AM",INCOMING
"8/6/20, 9:35 AM",INCOMING
"8/6/20, 9:18 AM",INCOMING
"8/6/20, 9:11 AM",INCOMING
"8/6/20, 9:07 AM",INCOMING
"8/6/20, 8:56 AM",INCOMING
"8/6/20, 8:38 AM",INCOMING
"8/6/20, 7:45 AM",INCOMING
"8/6/20, 7:41 AM",INCOMING
"8/6/20, 7:02 AM",INCOMING
"8/6/20, 6:45 AM",INCOMING
"8/6/20, 6:39 AM",INCOMING
"8/6/20, 6:38 AM",INCOMING
"8/6/20, 6:30 AM",INCOMING
"8/6/20, 6:25 AM",INCOMING
"8/6/20, 6:08 AM",INCOMING
"8/6/20, 5:53 AM",INCOMING
"8/6/20, 5:50 AM",INCOMING
"8/6/20, 5:30 AM",INCOMING
"8/6/20, 5:17 AM",INCOMING
"8/6/20, 4:39 AM",INCOMING
"8/6/20, 3:31 AM",INCOMING
"8/6/20, 3:28 AM",INCOMING
"8/6/20, 3:27 AM",INCOMING
"8/6/20, 3:10 AM",INCOMING
"8/4/20, 1:55 PM",INCOMING
"8/4/20, 12:35 PM",INCOMING
"8/4/20, 2:07 AM",INCOMING
"8/4/20, 12:28 AM",INCOMING
"8/3/20, 11:15 PM",INCOMING
"8/3/20, 10:13 PM",INCOMING
"8/3/20, 8:26 PM",INCOMING
"8/3/20, 6:53 AM",INCOMING
"8/3/20, 4:08 AM",INCOMING
"8/3/20, 3:05 AM",INCOMING
"8/2/20, 10:22 PM",INCOMING
"8/2/20, 10:19 PM",INCOMING
"8/2/20, 7:56 AM",INCOMING
"8/2/20, 5:41 AM",INCOMING
"8/2/20, 5:13 AM",INCOMING
"8/1/20, 6:57 AM",INCOMING
"8/1/20, 6:05 AM",INCOMING
"7/31/20, 11:54 PM",INCOMING
"7/31/20, 9:15 PM",INCOMING
"7/31/20, 8:23 PM",INCOMING
"7/31/20, 5:16 PM",INCOMING
"7/31/20, 2:30 PM",INCOMING
"7/31/20, 9:56 AM",INCOMING
"7/31/20, 12:35 AM",INCOMING
"7/30/20, 11:32 PM",INCOMING
"7/30/20, 9:57 PM",INCOMING
"7/30/20, 8:18 PM",INCOMING
"7/30/20, 6:25 PM",INCOMING
"7/30/20, 5:18 PM",INCOMING
"7/30/20, 4:09 PM",INCOMING
"7/30/20, 2:45 PM",INCOMING
"7/30/20, 1:11 PM",INCOMING
"7/30/20, 11:43 AM",INCOMING
"7/30/20, 11:04 AM",INCOMING
"7/30/20, 10:31 AM",INCOMING
"7/30/20, 10:07 AM",INCOMING
"7/30/20, 9:59 AM",INCOMING
"7/30/20, 9:37 AM",INCOMING
"7/30/20, 9:22 AM",INCOMING
"7/30/20, 9:04 AM",INCOMING
"7/30/20, 8:27 AM",INCOMING
"7/30/20, 8:18 AM",INCOMING
"7/30/20, 8:17 AM",INCOMING
"7/30/20, 8:17 AM",INCOMING
"7/30/20, 8:06 AM",INCOMING
"7/30/20, 8:01 AM",INCOMING
"7/30/20, 2:33 AM",INCOMING
"7/28/20, 10:49 AM",INCOMING
"7/28/20, 10:08 AM",INCOMING
"7/30/20, 4:48 AM",INCOMING
"7/30/20, 2:49 AM",INCOMING
"7/30/20, 1:06 AM",INCOMING
"7/29/20, 9:18 PM",INCOMING
"7/29/20, 7:27 AM",INCOMING
"7/28/20, 11:56 PM",INCOMING
"7/28/20, 7:05 AM",INCOMING
"7/28/20, 6:04 AM",INCOMING
"7/28/20, 2:49 AM",INCOMING
"7/28/20, 2:06 AM",INCOMING
"7/27/20, 8:08 AM",INCOMING
"7/27/20, 6:56 AM",INCOMING
"7/27/20, 3:35 AM",INCOMING
"7/27/20, 2:22 AM",INCOMING
"7/27/20, 12:02 AM",INCOMING
"7/26/20, 11:19 PM",INCOMING
"7/26/20, 10:54 PM",INCOMING
"7/26/20, 11:49 AM",INCOMING
"7/26/20, 10:47 AM",INCOMING
"7/26/20, 6:28 AM",INCOMING
"7/26/20, 4:51 AM",INCOMING
"7/26/20, 3:01 AM",INCOMING
"7/26/20, 2:17 AM",INCOMING
"7/26/20, 12:05 AM",INCOMING
"7/25/20, 10:56 PM",INCOMING
"7/25/20, 10:24 PM",INCOMING
"7/25/20, 10:05 PM",INCOMING
"7/25/20, 8:45 PM",INCOMING
"7/25/20, 8:28 AM",INCOMING
"7/24/20, 11:20 PM",INCOMING
"7/24/20, 10:55 PM",INCOMING
"7/24/20, 9:30 PM",INCOMING
"7/24/20, 9:01 PM",INCOMING
"7/24/20, 10:47 AM",INCOMING
"7/24/20, 10:44 AM",INCOMING
"7/24/20, 8:31 AM",INCOMING
"7/24/20, 6:35 AM",INCOMING
"7/24/20, 3:51 AM",INCOMING
"7/24/20, 12:52 AM",INCOMING
"7/23/20, 11:24 PM",INCOMING
"7/23/20, 3:43 PM",INCOMING
"7/23/20, 12:01 PM",INCOMING
"7/23/20, 10:18 AM",INCOMING
"7/22/20, 10:10 PM",INCOMING
"7/22/20, 8:03 PM",INCOMING
"7/22/20, 7:16 PM",INCOMING
"7/22/20, 7:34 AM",INCOMING
"7/22/20, 5:27 AM",INCOMING
"7/22/20, 3:07 AM",INCOMING
"7/22/20, 2:52 AM",INCOMING
"7/22/20, 2:47 AM",INCOMING
"7/21/20, 11:07 PM",INCOMING
"7/21/20, 1:35 PM",INCOMING
"7/21/20, 12:11 PM",INCOMING
"7/21/20, 10:31 AM",INCOMING
"7/21/20, 8:33 AM",INCOMING
"7/21/20, 5:00 AM",INCOMING
"7/21/20, 4:40 AM",INCOMING
"7/21/20, 4:11 AM",INCOMING
"7/21/20, 2:52 AM",INCOMING
"7/21/20, 1:58 AM",INCOMING
"7/20/20, 12:48 PM",INCOMING
"7/20/20, 12:18 PM",INCOMING
"7/20/20, 11:52 AM",INCOMING
"7/20/20, 11:01 AM",INCOMING
"7/20/20, 10:13 AM",INCOMING
"7/20/20, 9:51 AM",INCOMING
"7/20/20, 9:20 AM",INCOMING
"7/20/20, 9:05 AM",INCOMING
"7/20/20, 8:49 AM",INCOMING
"7/20/20, 8:09 AM",INCOMING
"7/20/20, 7:03 AM",INCOMING
"7/20/20, 7:02 AM",INCOMING
"7/20/20, 6:29 AM",INCOMING
"7/20/20, 6:12 AM",INCOMING
"7/20/20, 3:58 AM",INCOMING
"7/20/20, 3:38 AM",INCOMING
"7/20/20, 3:31 AM",INCOMING
"7/20/20, 2:58 AM",INCOMING
"7/20/20, 2:57 AM",INCOMING
"7/20/20, 1:55 AM",INCOMING
"7/20/20, 12:10 AM",INCOMING
"7/20/20, 12:10 AM",INCOMING
"7/19/20, 11:31 PM",INCOMING
"7/19/20, 11:00 PM",INCOMING
"7/19/20, 9:05 PM",INCOMING
"7/19/20, 8:21 PM",INCOMING
"7/19/20, 7:47 PM",INCOMING
"7/19/20, 12:01 PM",INCOMING
"7/19/20, 10:46 AM",INCOMING
"7/18/20, 5:14 AM",INCOMING
"7/18/20, 4:30 AM",INCOMING
"7/18/20, 12:47 AM",INCOMING
"7/18/20, 12:07 AM",INCOMING
"7/18/20, 12:05 AM",INCOMING
"7/17/20, 11:39 PM",INCOMING
"7/17/20, 11:35 PM",INCOMING
"7/17/20, 11:28 PM",INCOMING
"7/17/20, 11:07 PM",INCOMING
"7/19/20, 6:42 AM",INCOMING
"7/19/20, 6:06 AM",INCOMING
"7/19/20, 3:32 AM",INCOMING
"7/19/20, 1:46 AM",INCOMING
"7/18/20, 11:59 PM",INCOMING
"7/18/20, 11:28 PM",INCOMING
"7/18/20, 9:26 PM",INCOMING
"7/18/20, 11:37 AM",INCOMING
"7/18/20, 11:10 AM",INCOMING
"7/18/20, 10:34 AM",INCOMING
"7/18/20, 10:23 AM",INCOMING
"7/18/20, 10:21 AM",INCOMING
"7/18/20, 9:11 AM",INCOMING
"7/18/20, 8:00 AM",INCOMING
"7/18/20, 6:26 AM",INCOMING
"7/17/20, 1:05 PM",INCOMING
"7/17/20, 11:52 AM",INCOMING
"7/17/20, 8:52 AM",INCOMING
"7/17/20, 6:57 AM",INCOMING
"7/17/20, 5:57 AM",INCOMING
"7/17/20, 5:54 AM",INCOMING
"7/17/20, 4:59 AM",INCOMING
"7/17/20, 3:26 AM",INCOMING
"7/16/20, 11:10 PM",INCOMING
"7/16/20, 8:45 PM",INCOMING
"7/16/20, 9:49 AM",INCOMING
"7/16/20, 6:37 AM",INCOMING
"7/16/20, 5:21 AM",INCOMING
"7/16/20, 3:36 AM",INCOMING
"7/15/20, 11:40 PM",INCOMING
"7/15/20, 10:11 PM",INCOMING
"7/15/20, 8:55 PM",INCOMING
"7/15/20, 7:57 PM",INCOMING
"7/15/20, 12:07 PM",INCOMING
"7/15/20, 11:57 AM",INCOMING
"7/14/20, 11:52 PM",INCOMING
"7/14/20, 8:03 PM",INCOMING
"7/14/20, 1:30 PM",INCOMING
"7/14/20, 11:54 AM",INCOMING
"7/14/20, 10:17 AM",INCOMING
"7/14/20, 9:52 AM",INCOMING
"7/14/20, 8:15 AM",INCOMING
"7/14/20, 8:10 AM",INCOMING
"7/13/20, 11:41 PM",INCOMING
"7/13/20, 9:40 PM",INCOMING
"7/13/20, 6:28 PM",INCOMING
"7/13/20, 3:14 PM",INCOMING
"7/13/20, 10:00 AM",INCOMING
"7/13/20, 8:22 AM",INCOMING
"7/13/20, 6:01 AM",INCOMING
"7/13/20, 3:28 AM",INCOMING
"7/13/20, 1:12 AM",INCOMING
"7/13/20, 12:47 AM",INCOMING
"7/12/20, 6:56 PM",INCOMING
"7/12/20, 4:58 PM",INCOMING
"7/12/20, 12:12 PM",INCOMING
"7/12/20, 11:29 AM",INCOMING
"7/12/20, 11:16 AM",INCOMING
"7/12/20, 7:19 AM",INCOMING
"7/12/20, 4:30 AM",INCOMING
"7/12/20, 2:50 AM",INCOMING
"7/12/20, 12:52 AM",INCOMING
"7/11/20, 11:52 PM",INCOMING
"7/11/20, 11:51 PM",INCOMING
"7/11/20, 11:27 PM",INCOMING
"7/11/20, 11:29 AM",INCOMING
"7/11/20, 6:52 AM",INCOMING
"7/11/20, 1:16 AM",INCOMING
"7/10/20, 7:49 PM",INCOMING
"7/10/20, 5:17 PM",INCOMING
"7/10/20, 7:46 AM",INCOMING
"7/10/20, 12:47 AM",INCOMING
"7/10/20, 12:44 AM",INCOMING
"7/9/20, 9:30 PM",INCOMING
"7/9/20, 3:43 PM",INCOMING
"7/9/20, 2:11 PM",INCOMING
"7/9/20, 11:55 AM",INCOMING
"7/9/20, 11:41 AM",INCOMING
"7/9/20, 11:18 AM",INCOMING
"7/9/20, 9:03 AM",INCOMING
"7/9/20, 8:47 AM",INCOMING
"7/9/20, 8:36 AM",INCOMING
"7/9/20, 6:40 AM",INCOMING
"7/9/20, 6:19 AM",INCOMING
"7/9/20, 4:45 AM",INCOMING
"7/9/20, 4:14 AM",INCOMING
"7/9/20, 3:52 AM",INCOMING
"7/9/20, 1:29 AM",INCOMING
"7/9/20, 12:47 AM",INCOMING
"7/8/20, 3:23 PM",INCOMING
"7/8/20, 3:22 PM",INCOMING
"7/8/20, 3:16 PM",INCOMING
"7/8/20, 1:42 PM",INCOMING
"7/8/20, 12:14 PM",INCOMING
"7/8/20, 12:06 PM",INCOMING
"7/8/20, 11:23 AM",INCOMING
"7/8/20, 11:00 AM",INCOMING
"7/8/20, 10:51 AM",INCOMING
"7/8/20, 3:40 AM",INCOMING
"7/8/20, 3:34 AM",INCOMING
"7/9/20, 12:08 AM",INCOMING
"7/8/20, 11:48 PM",INCOMING
"7/8/20, 11:41 PM",INCOMING
"7/8/20, 10:21 PM",INCOMING
"7/8/20, 10:01 PM",INCOMING
"7/8/20, 9:44 PM",INCOMING
"7/8/20, 9:36 PM",INCOMING
"7/8/20, 9:21 PM",INCOMING
"7/8/20, 9:17 PM",INCOMING
"7/8/20, 8:46 PM",INCOMING
"7/8/20, 8:46 PM",INCOMING
"7/8/20, 5:38 PM",INCOMING
"7/8/20, 4:00 PM",INCOMING
"7/8/20, 10:02 AM",INCOMING
"7/8/20, 9:42 AM",INCOMING
"7/8/20, 9:08 AM",INCOMING
"7/8/20, 9:06 AM",INCOMING
"7/8/20, 8:36 AM",INCOMING
"7/8/20, 8:35 AM",INCOMING
"7/8/20, 8:19 AM",INCOMING
"7/8/20, 8:17 AM",INCOMING
"7/8/20, 7:57 AM",INCOMING
"7/8/20, 7:40 AM",INCOMING
"7/8/20, 7:37 AM",INCOMING
"7/8/20, 7:35 AM",INCOMING
"7/8/20, 7:35 AM",INCOMING
"7/8/20, 7:14 AM",INCOMING
"7/8/20, 7:00 AM",INCOMING
"7/8/20, 6:33 AM",INCOMING
"7/8/20, 6:29 AM",INCOMING
"7/8/20, 6:11 AM",INCOMING
"7/8/20, 6:06 AM",INCOMING
"7/8/20, 5:57 AM",INCOMING
"7/8/20, 5:40 AM",INCOMING
"7/8/20, 5:40 AM",INCOMING
"7/8/20, 5:15 AM",INCOMING
"7/8/20, 5:10 AM",INCOMING
"7/8/20, 5:07 AM",INCOMING
"7/8/20, 4:53 AM",INCOMING
"7/8/20, 4:45 AM",INCOMING
"7/8/20, 4:38 AM",INCOMING
"7/8/20, 4:20 AM",INCOMING
"7/8/20, 3:59 AM",INCOMING
"7/8/20, 3:56 AM",INCOMING
"7/8/20, 3:51 AM",INCOMING
"7/8/20, 3:42 AM",INCOMING
"7/8/20, 12:18 AM",INCOMING
"7/8/20, 12:03 AM",INCOMING
"7/8/20, 12:03 AM",INCOMING
"7/7/20, 11:58 PM",INCOMING
"7/7/20, 11:47 PM",INCOMING
"7/7/20, 11:32 PM",INCOMING
"7/7/20, 11:25 PM",INCOMING
"7/7/20, 11:20 PM",INCOMING
"7/7/20, 11:20 PM",INCOMING
"7/7/20, 11:17 PM",INCOMING
"7/7/20, 11:15 PM",INCOMING
"7/7/20, 11:13 PM",INCOMING
"7/7/20, 11:06 PM",INCOMING
"7/7/20, 11:01 PM",INCOMING
"7/7/20, 10:59 PM",INCOMING
"7/7/20, 10:57 PM",INCOMING
"7/7/20, 10:52 PM",INCOMING
"7/7/20, 10:50 PM",INCOMING
"7/7/20, 10:50 PM",INCOMING
"7/7/20, 10:47 PM",INCOMING
"7/7/20, 10:32 PM",INCOMING
"7/7/20, 10:31 PM",INCOMING
"7/7/20, 10:29 PM",INCOMING
"7/7/20, 10:28 PM",INCOMING
"7/7/20, 10:25 PM",INCOMING
"7/7/20, 10:12 PM",INCOMING
"7/7/20, 10:06 PM",INCOMING
"7/7/20, 10:04 PM",INCOMING
"7/7/20, 10:04 PM",INCOMING
"7/7/20, 9:58 PM",INCOMING
"7/7/20, 9:58 PM",INCOMING
"7/7/20, 9:53 PM",INCOMING
"7/7/20, 9:53 PM",INCOMING
"7/7/20, 9:52 PM",INCOMING
"7/7/20, 9:50 PM",INCOMING
"7/7/20, 9:50 PM",INCOMING
"7/7/20, 9:48 PM",INCOMING
"7/7/20, 9:47 PM",INCOMING
"7/7/20, 9:37 PM",INCOMING
"7/7/20, 9:33 PM",INCOMING
"7/7/20, 9:31 PM",INCOMING
"7/7/20, 9:26 PM",INCOMING
"7/7/20, 9:25 PM",INCOMING
"7/7/20, 9:24 PM",INCOMING
"7/7/20, 9:20 PM",INCOMING
"7/7/20, 9:17 PM",INCOMING
"7/7/20, 9:15 PM",INCOMING
"7/7/20, 9:14 PM",INCOMING
"7/7/20, 9:12 PM",INCOMING
"7/7/20, 9:11 PM",INCOMING
"7/7/20, 9:05 PM",INCOMING
"7/8/20, 2:50 AM",INCOMING
"7/8/20, 2:36 AM",INCOMING
"7/8/20, 2:35 AM",INCOMING
"7/8/20, 2:33 AM",INCOMING
"7/8/20, 2:27 AM",INCOMING
"7/8/20, 2:22 AM",INCOMING
"7/8/20, 2:20 AM",INCOMING
"7/8/20, 2:05 AM",INCOMING
"7/8/20, 1:48 AM",INCOMING
"7/8/20, 1:41 AM",INCOMING
"7/8/20, 1:34 AM",INCOMING
"7/8/20, 1:29 AM",INCOMING
"7/8/20, 1:22 AM",INCOMING
"7/8/20, 1:21 AM",INCOMING
"7/8/20, 1:18 AM",INCOMING
"7/8/20, 1:13 AM",INCOMING
"7/8/20, 1:12 AM",INCOMING
"7/8/20, 1:07 AM",INCOMING
"7/8/20, 1:07 AM",INCOMING
"7/8/20, 12:51 AM",INCOMING
"7/8/20, 12:51 AM",INCOMING
"7/8/20, 12:48 AM",INCOMING
"7/8/20, 12:43 AM",INCOMING
"7/8/20, 12:39 AM",INCOMING
"7/8/20, 12:27 AM",INCOMING
"7/7/20, 8:32 AM",INCOMING
"7/7/20, 6:58 AM",INCOMING
"7/7/20, 5:58 AM",INCOMING
"7/7/20, 5:27 AM",INCOMING
"7/7/20, 5:06 AM",INCOMING
"7/7/20, 4:36 AM",INCOMING
"7/6/20, 11:36 PM",INCOMING
"7/6/20, 9:38 PM",INCOMING
"7/6/20, 8:54 PM",INCOMING
"7/6/20, 10:45 AM",INCOMING
"7/6/20, 9:12 AM",INCOMING
"7/6/20, 2:35 AM",INCOMING
"7/5/20, 10:35 PM",INCOMING
"7/5/20, 10:16 PM",INCOMING
"7/5/20, 9:05 PM",INCOMING
"7/5/20, 10:50 AM",INCOMING
"7/5/20, 1:07 AM",INCOMING
"7/5/20, 12:02 AM",INCOMING
"7/4/20, 6:06 PM",INCOMING
"7/4/20, 11:16 AM",INCOMING
"7/4/20, 8:37 AM",INCOMING
"7/4/20, 2:37 AM",INCOMING
"7/3/20, 8:04 PM",INCOMING
"7/3/20, 3:09 AM",INCOMING
"7/2/20, 9:52 AM",INCOMING
"7/2/20, 9:06 AM",INCOMING
"7/2/20, 1:28 AM",INCOMING
"7/1/20, 9:20 AM",INCOMING
"7/1/20, 6:13 AM",INCOMING
"7/1/20, 4:57 AM",INCOMING
"6/30/20, 12:51 PM",INCOMING
"6/30/20, 9:27 AM",INCOMING
"6/30/20, 8:34 AM",INCOMING
"6/30/20, 7:19 AM",INCOMING
"6/30/20, 12:51 AM",INCOMING
"6/29/20, 10:12 PM",INCOMING
"6/29/20, 8:07 AM",INCOMING
"6/29/20, 12:46 AM",INCOMING
"6/28/20, 11:11 PM",INCOMING
"6/28/20, 9:38 PM",INCOMING
"6/28/20, 9:00 AM",INCOMING
"6/28/20, 3:52 AM",INCOMING
"6/28/20, 12:25 AM",INCOMING
"6/27/20, 10:49 PM",INCOMING
"6/27/20, 6:03 PM",INCOMING
"6/27/20, 10:29 AM",INCOMING
"6/27/20, 7:10 AM",INCOMING
"6/27/20, 6:39 AM",INCOMING
"6/27/20, 3:56 AM",INCOMING
"6/26/20, 10:09 PM",INCOMING
"6/26/20, 9:45 PM",INCOMING
